{
  "baseline": {
    "auc": 0.8536303043365479,
    "loss": 0.09104293584823608,
    "precision": 0.31121572852134705,
    "recall": 0.08387188613414764,
    "f1": 0.13213397999220378
  },
  "ablation_weather": {
    "auc": 0.8456180691719055,
    "loss": 0.08757764101028442,
    "precision": 0.3901899755001068,
    "recall": 0.046032894402742386,
    "f1": 0.08235044408126993
  },
  "ablation_topography": {
    "auc": 0.8429933786392212,
    "loss": 0.09058740735054016,
    "precision": 0.2836169898509979,
    "recall": 0.0776582732796669,
    "f1": 0.1219303248392497
  },
  "ablation_vegetation": {
    "auc": 0.8692854046821594,
    "loss": 0.09018117934465408,
    "precision": 0.303467720746994,
    "recall": 0.25278961658477783,
    "f1": 0.27582013663806715
  },
  "ablation_population": {
    "auc": 0.793236255645752,
    "loss": 0.09584992378950119,
    "precision": 0.3505988121032715,
    "recall": 0.06942880153656006,
    "f1": 0.11590502135804484
  },
  "ablation_prev_fire": {
    "auc": 0.783613920211792,
    "loss": 0.1040697768330574,
    "precision": 0.0,
    "recall": 0.0,
    "f1": 0.0
  },
  "hparam_0": {
    "auc": 0.497079074382782,
    "loss": 8731.1826171875,
    "precision": 0.0031085466034710407,
    "recall": 0.0018972856923937798,
    "f1": 0.0023563670792333537
  },
  "hparam_1": {
    "auc": 0.7829421162605286,
    "loss": 0.18173633515834808,
    "precision": 0.4436572194099426,
    "recall": 0.015593316406011581,
    "f1": 0.03012772640598223
  },
  "hparam_2": {
    "auc": 0.8606624603271484,
    "loss": 0.16474731266498566,
    "precision": 0.27266719937324524,
    "recall": 0.27893656492233276,
    "f1": 0.27576624926939186
  },
  "hparam_3": {
    "auc": 0.8374053239822388,
    "loss": 0.24581407010555267,
    "precision": 0.10702826082706451,
    "recall": 0.31050264835357666,
    "f1": 0.15918609573008946
  },
  "hparam_4": {
    "auc": 0.719634473323822,
    "loss": 0.13739468157291412,
    "precision": 0.005102040711790323,
    "recall": 2.3716071154922247e-05,
    "f1": 4.721258913250951e-05
  },
  "optimized": {
    "auc": 0.9275906085968018,
    "loss": 0.13165538012981415,
    "precision": 0.26492923498153687,
    "recall": 0.4720446765422821,
    "f1": 0.3393836101415209
  }
}